Fp1;Fp1;1;Fp1:Fp1
Fp1;Fp2;2;Fp1:Fp2
Fp1;F7;3;Fp1:F7
Fp1;F3;4;Fp1:F3
Fp1;Fz;5;Fp1:Fz
Fp1;F4;6;Fp1:F4
Fp1;F8;7;Fp1:F8
Fp1;FC5;8;Fp1:FC5
Fp1;FC1;9;Fp1:FC1
Fp1;FC2;10;Fp1:FC2
Fp1;FC6;11;Fp1:FC6
Fp1;C3;12;Fp1:C3
Fp1;Cz;13;Fp1:Cz
Fp1;C4;14;Fp1:C4
Fp1;CP5;15;Fp1:CP5
Fp1;CP1;16;Fp1:CP1
Fp1;CP2;17;Fp1:CP2
Fp1;CP6;18;Fp1:CP6
Fp1;P7;19;Fp1:P7
Fp1;P3;20;Fp1:P3
Fp1;Pz;21;Fp1:Pz
Fp1;P4;22;Fp1:P4
Fp1;P8;23;Fp1:P8
Fp1;POz;24;Fp1:POz
Fp1;Oz;25;Fp1:Oz
Fp2;Fp1;26;Fp2:Fp1
Fp2;Fp2;27;Fp2:Fp2
Fp2;F7;28;Fp2:F7
Fp2;F3;29;Fp2:F3
Fp2;Fz;30;Fp2:Fz
Fp2;F4;31;Fp2:F4
Fp2;F8;32;Fp2:F8
Fp2;FC5;33;Fp2:FC5
Fp2;FC1;34;Fp2:FC1
Fp2;FC2;35;Fp2:FC2
Fp2;FC6;36;Fp2:FC6
Fp2;C3;37;Fp2:C3
Fp2;Cz;38;Fp2:Cz
Fp2;C4;39;Fp2:C4
Fp2;CP5;40;Fp2:CP5
Fp2;CP1;41;Fp2:CP1
Fp2;CP2;42;Fp2:CP2
Fp2;CP6;43;Fp2:CP6
Fp2;P7;44;Fp2:P7
Fp2;P3;45;Fp2:P3
Fp2;Pz;46;Fp2:Pz
Fp2;P4;47;Fp2:P4
Fp2;P8;48;Fp2:P8
Fp2;POz;49;Fp2:POz
Fp2;Oz;50;Fp2:Oz
F7;Fp1;51;F7:Fp1
F7;Fp2;52;F7:Fp2
F7;F7;53;F7:F7
F7;F3;54;F7:F3
F7;Fz;55;F7:Fz
F7;F4;56;F7:F4
F7;F8;57;F7:F8
F7;FC5;58;F7:FC5
F7;FC1;59;F7:FC1
F7;FC2;60;F7:FC2
F7;FC6;61;F7:FC6
F7;C3;62;F7:C3
F7;Cz;63;F7:Cz
F7;C4;64;F7:C4
F7;CP5;65;F7:CP5
F7;CP1;66;F7:CP1
F7;CP2;67;F7:CP2
F7;CP6;68;F7:CP6
F7;P7;69;F7:P7
F7;P3;70;F7:P3
F7;Pz;71;F7:Pz
F7;P4;72;F7:P4
F7;P8;73;F7:P8
F7;POz;74;F7:POz
F7;Oz;75;F7:Oz
F3;Fp1;76;F3:Fp1
F3;Fp2;77;F3:Fp2
F3;F7;78;F3:F7
F3;F3;79;F3:F3
F3;Fz;80;F3:Fz
F3;F4;81;F3:F4
F3;F8;82;F3:F8
F3;FC5;83;F3:FC5
F3;FC1;84;F3:FC1
F3;FC2;85;F3:FC2
F3;FC6;86;F3:FC6
F3;C3;87;F3:C3
F3;Cz;88;F3:Cz
F3;C4;89;F3:C4
F3;CP5;90;F3:CP5
F3;CP1;91;F3:CP1
F3;CP2;92;F3:CP2
F3;CP6;93;F3:CP6
F3;P7;94;F3:P7
F3;P3;95;F3:P3
F3;Pz;96;F3:Pz
F3;P4;97;F3:P4
F3;P8;98;F3:P8
F3;POz;99;F3:POz
F3;Oz;100;F3:Oz
Fz;Fp1;101;Fz:Fp1
Fz;Fp2;102;Fz:Fp2
Fz;F7;103;Fz:F7
Fz;F3;104;Fz:F3
Fz;Fz;105;Fz:Fz
Fz;F4;106;Fz:F4
Fz;F8;107;Fz:F8
Fz;FC5;108;Fz:FC5
Fz;FC1;109;Fz:FC1
Fz;FC2;110;Fz:FC2
Fz;FC6;111;Fz:FC6
Fz;C3;112;Fz:C3
Fz;Cz;113;Fz:Cz
Fz;C4;114;Fz:C4
Fz;CP5;115;Fz:CP5
Fz;CP1;116;Fz:CP1
Fz;CP2;117;Fz:CP2
Fz;CP6;118;Fz:CP6
Fz;P7;119;Fz:P7
Fz;P3;120;Fz:P3
Fz;Pz;121;Fz:Pz
Fz;P4;122;Fz:P4
Fz;P8;123;Fz:P8
Fz;POz;124;Fz:POz
Fz;Oz;125;Fz:Oz
F4;Fp1;126;F4:Fp1
F4;Fp2;127;F4:Fp2
F4;F7;128;F4:F7
F4;F3;129;F4:F3
F4;Fz;130;F4:Fz
F4;F4;131;F4:F4
F4;F8;132;F4:F8
F4;FC5;133;F4:FC5
F4;FC1;134;F4:FC1
F4;FC2;135;F4:FC2
F4;FC6;136;F4:FC6
F4;C3;137;F4:C3
F4;Cz;138;F4:Cz
F4;C4;139;F4:C4
F4;CP5;140;F4:CP5
F4;CP1;141;F4:CP1
F4;CP2;142;F4:CP2
F4;CP6;143;F4:CP6
F4;P7;144;F4:P7
F4;P3;145;F4:P3
F4;Pz;146;F4:Pz
F4;P4;147;F4:P4
F4;P8;148;F4:P8
F4;POz;149;F4:POz
F4;Oz;150;F4:Oz
F8;Fp1;151;F8:Fp1
F8;Fp2;152;F8:Fp2
F8;F7;153;F8:F7
F8;F3;154;F8:F3
F8;Fz;155;F8:Fz
F8;F4;156;F8:F4
F8;F8;157;F8:F8
F8;FC5;158;F8:FC5
F8;FC1;159;F8:FC1
F8;FC2;160;F8:FC2
F8;FC6;161;F8:FC6
F8;C3;162;F8:C3
F8;Cz;163;F8:Cz
F8;C4;164;F8:C4
F8;CP5;165;F8:CP5
F8;CP1;166;F8:CP1
F8;CP2;167;F8:CP2
F8;CP6;168;F8:CP6
F8;P7;169;F8:P7
F8;P3;170;F8:P3
F8;Pz;171;F8:Pz
F8;P4;172;F8:P4
F8;P8;173;F8:P8
F8;POz;174;F8:POz
F8;Oz;175;F8:Oz
FC5;Fp1;176;FC5:Fp1
FC5;Fp2;177;FC5:Fp2
FC5;F7;178;FC5:F7
FC5;F3;179;FC5:F3
FC5;Fz;180;FC5:Fz
FC5;F4;181;FC5:F4
FC5;F8;182;FC5:F8
FC5;FC5;183;FC5:FC5
FC5;FC1;184;FC5:FC1
FC5;FC2;185;FC5:FC2
FC5;FC6;186;FC5:FC6
FC5;C3;187;FC5:C3
FC5;Cz;188;FC5:Cz
FC5;C4;189;FC5:C4
FC5;CP5;190;FC5:CP5
FC5;CP1;191;FC5:CP1
FC5;CP2;192;FC5:CP2
FC5;CP6;193;FC5:CP6
FC5;P7;194;FC5:P7
FC5;P3;195;FC5:P3
FC5;Pz;196;FC5:Pz
FC5;P4;197;FC5:P4
FC5;P8;198;FC5:P8
FC5;POz;199;FC5:POz
FC5;Oz;200;FC5:Oz
FC1;Fp1;201;FC1:Fp1
FC1;Fp2;202;FC1:Fp2
FC1;F7;203;FC1:F7
FC1;F3;204;FC1:F3
FC1;Fz;205;FC1:Fz
FC1;F4;206;FC1:F4
FC1;F8;207;FC1:F8
FC1;FC5;208;FC1:FC5
FC1;FC1;209;FC1:FC1
FC1;FC2;210;FC1:FC2
FC1;FC6;211;FC1:FC6
FC1;C3;212;FC1:C3
FC1;Cz;213;FC1:Cz
FC1;C4;214;FC1:C4
FC1;CP5;215;FC1:CP5
FC1;CP1;216;FC1:CP1
FC1;CP2;217;FC1:CP2
FC1;CP6;218;FC1:CP6
FC1;P7;219;FC1:P7
FC1;P3;220;FC1:P3
FC1;Pz;221;FC1:Pz
FC1;P4;222;FC1:P4
FC1;P8;223;FC1:P8
FC1;POz;224;FC1:POz
FC1;Oz;225;FC1:Oz
FC2;Fp1;226;FC2:Fp1
FC2;Fp2;227;FC2:Fp2
FC2;F7;228;FC2:F7
FC2;F3;229;FC2:F3
FC2;Fz;230;FC2:Fz
FC2;F4;231;FC2:F4
FC2;F8;232;FC2:F8
FC2;FC5;233;FC2:FC5
FC2;FC1;234;FC2:FC1
FC2;FC2;235;FC2:FC2
FC2;FC6;236;FC2:FC6
FC2;C3;237;FC2:C3
FC2;Cz;238;FC2:Cz
FC2;C4;239;FC2:C4
FC2;CP5;240;FC2:CP5
FC2;CP1;241;FC2:CP1
FC2;CP2;242;FC2:CP2
FC2;CP6;243;FC2:CP6
FC2;P7;244;FC2:P7
FC2;P3;245;FC2:P3
FC2;Pz;246;FC2:Pz
FC2;P4;247;FC2:P4
FC2;P8;248;FC2:P8
FC2;POz;249;FC2:POz
FC2;Oz;250;FC2:Oz
FC6;Fp1;251;FC6:Fp1
FC6;Fp2;252;FC6:Fp2
FC6;F7;253;FC6:F7
FC6;F3;254;FC6:F3
FC6;Fz;255;FC6:Fz
FC6;F4;256;FC6:F4
FC6;F8;257;FC6:F8
FC6;FC5;258;FC6:FC5
FC6;FC1;259;FC6:FC1
FC6;FC2;260;FC6:FC2
FC6;FC6;261;FC6:FC6
FC6;C3;262;FC6:C3
FC6;Cz;263;FC6:Cz
FC6;C4;264;FC6:C4
FC6;CP5;265;FC6:CP5
FC6;CP1;266;FC6:CP1
FC6;CP2;267;FC6:CP2
FC6;CP6;268;FC6:CP6
FC6;P7;269;FC6:P7
FC6;P3;270;FC6:P3
FC6;Pz;271;FC6:Pz
FC6;P4;272;FC6:P4
FC6;P8;273;FC6:P8
FC6;POz;274;FC6:POz
FC6;Oz;275;FC6:Oz
C3;Fp1;276;C3:Fp1
C3;Fp2;277;C3:Fp2
C3;F7;278;C3:F7
C3;F3;279;C3:F3
C3;Fz;280;C3:Fz
C3;F4;281;C3:F4
C3;F8;282;C3:F8
C3;FC5;283;C3:FC5
C3;FC1;284;C3:FC1
C3;FC2;285;C3:FC2
C3;FC6;286;C3:FC6
C3;C3;287;C3:C3
C3;Cz;288;C3:Cz
C3;C4;289;C3:C4
C3;CP5;290;C3:CP5
C3;CP1;291;C3:CP1
C3;CP2;292;C3:CP2
C3;CP6;293;C3:CP6
C3;P7;294;C3:P7
C3;P3;295;C3:P3
C3;Pz;296;C3:Pz
C3;P4;297;C3:P4
C3;P8;298;C3:P8
C3;POz;299;C3:POz
C3;Oz;300;C3:Oz
Cz;Fp1;301;Cz:Fp1
Cz;Fp2;302;Cz:Fp2
Cz;F7;303;Cz:F7
Cz;F3;304;Cz:F3
Cz;Fz;305;Cz:Fz
Cz;F4;306;Cz:F4
Cz;F8;307;Cz:F8
Cz;FC5;308;Cz:FC5
Cz;FC1;309;Cz:FC1
Cz;FC2;310;Cz:FC2
Cz;FC6;311;Cz:FC6
Cz;C3;312;Cz:C3
Cz;Cz;313;Cz:Cz
Cz;C4;314;Cz:C4
Cz;CP5;315;Cz:CP5
Cz;CP1;316;Cz:CP1
Cz;CP2;317;Cz:CP2
Cz;CP6;318;Cz:CP6
Cz;P7;319;Cz:P7
Cz;P3;320;Cz:P3
Cz;Pz;321;Cz:Pz
Cz;P4;322;Cz:P4
Cz;P8;323;Cz:P8
Cz;POz;324;Cz:POz
Cz;Oz;325;Cz:Oz
C4;Fp1;326;C4:Fp1
C4;Fp2;327;C4:Fp2
C4;F7;328;C4:F7
C4;F3;329;C4:F3
C4;Fz;330;C4:Fz
C4;F4;331;C4:F4
C4;F8;332;C4:F8
C4;FC5;333;C4:FC5
C4;FC1;334;C4:FC1
C4;FC2;335;C4:FC2
C4;FC6;336;C4:FC6
C4;C3;337;C4:C3
C4;Cz;338;C4:Cz
C4;C4;339;C4:C4
C4;CP5;340;C4:CP5
C4;CP1;341;C4:CP1
C4;CP2;342;C4:CP2
C4;CP6;343;C4:CP6
C4;P7;344;C4:P7
C4;P3;345;C4:P3
C4;Pz;346;C4:Pz
C4;P4;347;C4:P4
C4;P8;348;C4:P8
C4;POz;349;C4:POz
C4;Oz;350;C4:Oz
CP5;Fp1;351;CP5:Fp1
CP5;Fp2;352;CP5:Fp2
CP5;F7;353;CP5:F7
CP5;F3;354;CP5:F3
CP5;Fz;355;CP5:Fz
CP5;F4;356;CP5:F4
CP5;F8;357;CP5:F8
CP5;FC5;358;CP5:FC5
CP5;FC1;359;CP5:FC1
CP5;FC2;360;CP5:FC2
CP5;FC6;361;CP5:FC6
CP5;C3;362;CP5:C3
CP5;Cz;363;CP5:Cz
CP5;C4;364;CP5:C4
CP5;CP5;365;CP5:CP5
CP5;CP1;366;CP5:CP1
CP5;CP2;367;CP5:CP2
CP5;CP6;368;CP5:CP6
CP5;P7;369;CP5:P7
CP5;P3;370;CP5:P3
CP5;Pz;371;CP5:Pz
CP5;P4;372;CP5:P4
CP5;P8;373;CP5:P8
CP5;POz;374;CP5:POz
CP5;Oz;375;CP5:Oz
CP1;Fp1;376;CP1:Fp1
CP1;Fp2;377;CP1:Fp2
CP1;F7;378;CP1:F7
CP1;F3;379;CP1:F3
CP1;Fz;380;CP1:Fz
CP1;F4;381;CP1:F4
CP1;F8;382;CP1:F8
CP1;FC5;383;CP1:FC5
CP1;FC1;384;CP1:FC1
CP1;FC2;385;CP1:FC2
CP1;FC6;386;CP1:FC6
CP1;C3;387;CP1:C3
CP1;Cz;388;CP1:Cz
CP1;C4;389;CP1:C4
CP1;CP5;390;CP1:CP5
CP1;CP1;391;CP1:CP1
CP1;CP2;392;CP1:CP2
CP1;CP6;393;CP1:CP6
CP1;P7;394;CP1:P7
CP1;P3;395;CP1:P3
CP1;Pz;396;CP1:Pz
CP1;P4;397;CP1:P4
CP1;P8;398;CP1:P8
CP1;POz;399;CP1:POz
CP1;Oz;400;CP1:Oz
CP2;Fp1;401;CP2:Fp1
CP2;Fp2;402;CP2:Fp2
CP2;F7;403;CP2:F7
CP2;F3;404;CP2:F3
CP2;Fz;405;CP2:Fz
CP2;F4;406;CP2:F4
CP2;F8;407;CP2:F8
CP2;FC5;408;CP2:FC5
CP2;FC1;409;CP2:FC1
CP2;FC2;410;CP2:FC2
CP2;FC6;411;CP2:FC6
CP2;C3;412;CP2:C3
CP2;Cz;413;CP2:Cz
CP2;C4;414;CP2:C4
CP2;CP5;415;CP2:CP5
CP2;CP1;416;CP2:CP1
CP2;CP2;417;CP2:CP2
CP2;CP6;418;CP2:CP6
CP2;P7;419;CP2:P7
CP2;P3;420;CP2:P3
CP2;Pz;421;CP2:Pz
CP2;P4;422;CP2:P4
CP2;P8;423;CP2:P8
CP2;POz;424;CP2:POz
CP2;Oz;425;CP2:Oz
CP6;Fp1;426;CP6:Fp1
CP6;Fp2;427;CP6:Fp2
CP6;F7;428;CP6:F7
CP6;F3;429;CP6:F3
CP6;Fz;430;CP6:Fz
CP6;F4;431;CP6:F4
CP6;F8;432;CP6:F8
CP6;FC5;433;CP6:FC5
CP6;FC1;434;CP6:FC1
CP6;FC2;435;CP6:FC2
CP6;FC6;436;CP6:FC6
CP6;C3;437;CP6:C3
CP6;Cz;438;CP6:Cz
CP6;C4;439;CP6:C4
CP6;CP5;440;CP6:CP5
CP6;CP1;441;CP6:CP1
CP6;CP2;442;CP6:CP2
CP6;CP6;443;CP6:CP6
CP6;P7;444;CP6:P7
CP6;P3;445;CP6:P3
CP6;Pz;446;CP6:Pz
CP6;P4;447;CP6:P4
CP6;P8;448;CP6:P8
CP6;POz;449;CP6:POz
CP6;Oz;450;CP6:Oz
P7;Fp1;451;P7:Fp1
P7;Fp2;452;P7:Fp2
P7;F7;453;P7:F7
P7;F3;454;P7:F3
P7;Fz;455;P7:Fz
P7;F4;456;P7:F4
P7;F8;457;P7:F8
P7;FC5;458;P7:FC5
P7;FC1;459;P7:FC1
P7;FC2;460;P7:FC2
P7;FC6;461;P7:FC6
P7;C3;462;P7:C3
P7;Cz;463;P7:Cz
P7;C4;464;P7:C4
P7;CP5;465;P7:CP5
P7;CP1;466;P7:CP1
P7;CP2;467;P7:CP2
P7;CP6;468;P7:CP6
P7;P7;469;P7:P7
P7;P3;470;P7:P3
P7;Pz;471;P7:Pz
P7;P4;472;P7:P4
P7;P8;473;P7:P8
P7;POz;474;P7:POz
P7;Oz;475;P7:Oz
P3;Fp1;476;P3:Fp1
P3;Fp2;477;P3:Fp2
P3;F7;478;P3:F7
P3;F3;479;P3:F3
P3;Fz;480;P3:Fz
P3;F4;481;P3:F4
P3;F8;482;P3:F8
P3;FC5;483;P3:FC5
P3;FC1;484;P3:FC1
P3;FC2;485;P3:FC2
P3;FC6;486;P3:FC6
P3;C3;487;P3:C3
P3;Cz;488;P3:Cz
P3;C4;489;P3:C4
P3;CP5;490;P3:CP5
P3;CP1;491;P3:CP1
P3;CP2;492;P3:CP2
P3;CP6;493;P3:CP6
P3;P7;494;P3:P7
P3;P3;495;P3:P3
P3;Pz;496;P3:Pz
P3;P4;497;P3:P4
P3;P8;498;P3:P8
P3;POz;499;P3:POz
P3;Oz;500;P3:Oz
Pz;Fp1;501;Pz:Fp1
Pz;Fp2;502;Pz:Fp2
Pz;F7;503;Pz:F7
Pz;F3;504;Pz:F3
Pz;Fz;505;Pz:Fz
Pz;F4;506;Pz:F4
Pz;F8;507;Pz:F8
Pz;FC5;508;Pz:FC5
Pz;FC1;509;Pz:FC1
Pz;FC2;510;Pz:FC2
Pz;FC6;511;Pz:FC6
Pz;C3;512;Pz:C3
Pz;Cz;513;Pz:Cz
Pz;C4;514;Pz:C4
Pz;CP5;515;Pz:CP5
Pz;CP1;516;Pz:CP1
Pz;CP2;517;Pz:CP2
Pz;CP6;518;Pz:CP6
Pz;P7;519;Pz:P7
Pz;P3;520;Pz:P3
Pz;Pz;521;Pz:Pz
Pz;P4;522;Pz:P4
Pz;P8;523;Pz:P8
Pz;POz;524;Pz:POz
Pz;Oz;525;Pz:Oz
P4;Fp1;526;P4:Fp1
P4;Fp2;527;P4:Fp2
P4;F7;528;P4:F7
P4;F3;529;P4:F3
P4;Fz;530;P4:Fz
P4;F4;531;P4:F4
P4;F8;532;P4:F8
P4;FC5;533;P4:FC5
P4;FC1;534;P4:FC1
P4;FC2;535;P4:FC2
P4;FC6;536;P4:FC6
P4;C3;537;P4:C3
P4;Cz;538;P4:Cz
P4;C4;539;P4:C4
P4;CP5;540;P4:CP5
P4;CP1;541;P4:CP1
P4;CP2;542;P4:CP2
P4;CP6;543;P4:CP6
P4;P7;544;P4:P7
P4;P3;545;P4:P3
P4;Pz;546;P4:Pz
P4;P4;547;P4:P4
P4;P8;548;P4:P8
P4;POz;549;P4:POz
P4;Oz;550;P4:Oz
P8;Fp1;551;P8:Fp1
P8;Fp2;552;P8:Fp2
P8;F7;553;P8:F7
P8;F3;554;P8:F3
P8;Fz;555;P8:Fz
P8;F4;556;P8:F4
P8;F8;557;P8:F8
P8;FC5;558;P8:FC5
P8;FC1;559;P8:FC1
P8;FC2;560;P8:FC2
P8;FC6;561;P8:FC6
P8;C3;562;P8:C3
P8;Cz;563;P8:Cz
P8;C4;564;P8:C4
P8;CP5;565;P8:CP5
P8;CP1;566;P8:CP1
P8;CP2;567;P8:CP2
P8;CP6;568;P8:CP6
P8;P7;569;P8:P7
P8;P3;570;P8:P3
P8;Pz;571;P8:Pz
P8;P4;572;P8:P4
P8;P8;573;P8:P8
P8;POz;574;P8:POz
P8;Oz;575;P8:Oz
POz;Fp1;576;POz:Fp1
POz;Fp2;577;POz:Fp2
POz;F7;578;POz:F7
POz;F3;579;POz:F3
POz;Fz;580;POz:Fz
POz;F4;581;POz:F4
POz;F8;582;POz:F8
POz;FC5;583;POz:FC5
POz;FC1;584;POz:FC1
POz;FC2;585;POz:FC2
POz;FC6;586;POz:FC6
POz;C3;587;POz:C3
POz;Cz;588;POz:Cz
POz;C4;589;POz:C4
POz;CP5;590;POz:CP5
POz;CP1;591;POz:CP1
POz;CP2;592;POz:CP2
POz;CP6;593;POz:CP6
POz;P7;594;POz:P7
POz;P3;595;POz:P3
POz;Pz;596;POz:Pz
POz;P4;597;POz:P4
POz;P8;598;POz:P8
POz;POz;599;POz:POz
POz;Oz;600;POz:Oz
Oz;Fp1;601;Oz:Fp1
Oz;Fp2;602;Oz:Fp2
Oz;F7;603;Oz:F7
Oz;F3;604;Oz:F3
Oz;Fz;605;Oz:Fz
Oz;F4;606;Oz:F4
Oz;F8;607;Oz:F8
Oz;FC5;608;Oz:FC5
Oz;FC1;609;Oz:FC1
Oz;FC2;610;Oz:FC2
Oz;FC6;611;Oz:FC6
Oz;C3;612;Oz:C3
Oz;Cz;613;Oz:Cz
Oz;C4;614;Oz:C4
Oz;CP5;615;Oz:CP5
Oz;CP1;616;Oz:CP1
Oz;CP2;617;Oz:CP2
Oz;CP6;618;Oz:CP6
Oz;P7;619;Oz:P7
Oz;P3;620;Oz:P3
Oz;Pz;621;Oz:Pz
Oz;P4;622;Oz:P4
Oz;P8;623;Oz:P8
Oz;POz;624;Oz:POz
Oz;Oz;625;Oz:Oz